mutant_name,percent_folded
WT,0.8986
Y4F,0.8998
L6M,0.8624
V7I,0.8795
V8I,0.8903
V9I,0.8872
Q22N,0.8376
L23M,0.7065
Y40F,0.6908
V44A,0.9122
C51A,0.8976
L52M,0.8964
L52V,0.8961
L53M,0.8778
L53V,0.8285
I55V,0.7963
T58S,0.5694
Q61R,0.9807
Y64A,0.7928
R68L,0.8848
Y71F,0.8638
M72F,0.8968
M72L,0.8234
M72V,0.8778
R73H,0.8925
R73S,0.8761
E76A,0.7508
E76Q,0.8845
F78Y,0.8224
L79M,0.8861
L79V,0.8363
C80I,0.8136
F82Y,0.8883
I84M,0.888
I84V,0.9009
S89T,0.8817
F90W,0.9323
F90Y,0.9113
D92N,0.9051
I93M,0.8953
I93V,0.895
H95K,0.8968
Y96F,0.9309
Y96L,0.9206
Y96W,0.9364
R97H,0.9211
E98D,0.8931
E98Q,0.895
I100V,0.8495
K101R,0.8989
V103A,0.8816
V103L,0.782
K104A,0.8745
K104N,0.8536
K104T,0.8528
V109I,0.9066
V109M,0.8722
P110A,0.9023
M111F,0.8973
V112I,0.8606
L113I,0.8848
V114I,0.9137
V125I,0.9025
A130V,0.9102
L133M,0.9013
L133V,0.8966
I139V,0.9005
F141Y,0.8958
I142F,0.8873
R149H,0.8922
R149K,0.8915
A155C,0.9193
F156Y,0.9189
T158L,0.8941
L159V,0.8408
V160A,0.9025
V160I,0.8807
E162L,0.9044
I163M,0.9365
I163V,0.8897
H166Q,0.8976
K167E,0.8776
